MemberID,FirstName,LastName,Phone,Email
1,Christa,Extence,8185646160,cextence0@shinystat.com
2,Chalmers,Littlefield,5694738959,clittlefield1@stumbleupon.com
3,Mirabelle,Bedding,4407423933,mbedding2@cdc.gov
4,Sheeree,Sach,2793684816,ssach3@ocn.ne.jp
5,Conni,Kilborn,1111359407,ckilborn4@twitpic.com
6,Pete,Boomes,2996794851,pboomes5@fotki.com
7,Frieda,Kernocke,1193437512,fkernocke6@reuters.com
8,Winna,McMyler,2919031460,wmcmyler7@google.de
9,Chen,Brockhurst,3547323502,cbrockhurst8@earthlink.net
10,Markos,Dando,6011157005,mdando9@nyu.edu
11,Bamby,Sicha,4529344634,bsichaa@wikimedia.org
12,Bradney,Piolli,4597324254,bpiollib@ovh.net
13,Isabel,Lanfear,2664867212,ilanfearc@dion.ne.jp
14,Thomasine,Greep,2183223304,tgreepd@exblog.jp
15,Fairlie,Borlease,4843620378,fborleasee@list-manage.com
16,Yance,Judkins,3795071958,yjudkinsf@discuz.net
17,Ruthe,Sliney,8013502005,rslineyg@reverbnation.com
18,Lynnea,Spadelli,2451536691,lspadellih@usgs.gov
19,Arlyn,Samuel,9391989453,asamueli@wunderground.com
20,Shae,Auger,5079652882,saugerj@nature.com
21,Hieronymus,Mogie,6479957366,hmogiek@friendfeed.com
22,Bjorn,Proudman,1157922546,bproudmanl@accuweather.com
23,Stephanus,Cordel,7214770092,scordelm@qq.com
24,Oby,Darragh,9892019198,odarraghn@discuz.net
25,Almeda,Birdsey,4192875128,abirdseyo@yahoo.com
26,Benny,Winfrey,2917712526,bwinfreyp@webmd.com
27,Marve,Mandrier,3434949042,mmandrierq@opensource.org
28,Nester,MacRitchie,9358253734,nmacritchier@squarespace.com
29,Jeramie,Manicom,1531858777,jmanicoms@google.pl
30,Sabina,Ragborne,1796605438,sragbornet@istockphoto.com
31,Eadmund,McKeon,2842229537,emckeonu@wunderground.com
32,Boy,Quinton,1002595587,bquintonv@netvibes.com
33,Leoine,Abbie,1383848655,labbiew@google.co.jp
34,Calida,Greet,1082132560,cgreetx@storify.com
35,Frasco,Graith,4661386279,fgraithy@mapy.cz
36,Linda,Wanless,9795925816,lwanlessz@youtube.com
37,Corenda,Casado,3754483197,ccasado10@de.vu
38,Gracie,Szymaniak,1231402159,gszymaniak11@mlb.com
39,Thaddeus,Godon,5463566632,tgodon12@eventbrite.com
40,Darnell,Mealiffe,7499608335,dmealiffe13@themeforest.net
41,Duncan,Petracchi,4958249905,dpetracchi14@qq.com
42,Milissent,Longland,8157770729,mlongland15@omniture.com
43,Traci,Rumke,8015024260,trumke16@bravesites.com
44,Caitlin,Karim,5486461654,ckarim17@pen.io
45,Rosemarie,Gerasch,7049199607,rgerasch18@stumbleupon.com
46,Rhody,McAllester,3374822337,rmcallester19@twitpic.com
47,Blythe,Matthias,4202673662,bmatthias1a@un.org
48,Crystal,Muckersie,9589437332,cmuckersie1b@elegantthemes.com
49,Bella,Reddle,8931925311,breddle1c@addthis.com
50,Blaine,Clapham,2055413882,bclapham1d@chron.com
51,Jaime,Fadden,2821432393,jfadden1e@omniture.com
52,Hermina,Maple,7183751953,hmaple1f@seattletimes.com
53,Rikki,Tissier,5564058526,rtissier1g@cyberchimps.com
54,Maryellen,Domaschke,6076130504,mdomaschke1h@ocn.ne.jp
55,Alexis,Gummoe,1694798914,agummoe1i@youtube.com
56,Martie,Damant,1663763719,mdamant1j@bloglovin.com
57,Kipper,Wyles,9221311599,kwyles1k@nature.com
58,Kain,Drew,4367374493,kdrew1l@yahoo.com
59,Ranique,Helder,3705287005,rhelder1m@so-net.ne.jp
60,Pat,Healing,3617969414,phealing1n@tmall.com
61,Dewey,Maron,1197870763,dmaron1o@cbslocal.com
62,Kissiah,Hardiman,6133837871,khardiman1p@instagram.com
63,Quincey,Ivchenko,3492281750,qivchenko1q@europa.eu
64,Minne,Lamming,6961182620,mlamming1r@google.it
65,Beniamino,Gylle,3343168356,bgylle1s@themeforest.net
66,Camey,Abbati,3452365055,cabbati1t@mac.com
67,Anette,Ferras,6736493272,aferras1u@51.la
68,Jeremy,Caudrey,9552697176,jcaudrey1v@booking.com
69,Olympe,Headan,4866101597,oheadan1w@flickr.com
70,Joscelin,Veare,1841954041,jveare1x@columbia.edu
71,Olimpia,Rides,8954378000,orides1y@nhs.uk
72,Anabal,Hanby,9845621838,ahanby1z@skyrock.com
73,Finn,Kender,6818380909,fkender20@eventbrite.com
74,Janek,Honniebal,4157571971,jhonniebal21@storify.com
75,Pierette,Phateplace,4783285549,pphateplace22@ebay.com
76,Aloin,Harcombe,1787394682,aharcombe23@pen.io
77,Ginevra,McArdle,5803023418,gmcardle24@bloglovin.com
78,Anatole,Doy,1065138308,adoy25@mashable.com
79,Nikita,Chrishop,5948922826,nchrishop26@phoca.cz
80,Elnar,Braunes,6073592089,ebraunes27@ihg.com
81,Minnie,Costley,6877550938,mcostley28@soundcloud.com
82,Wernher,Chislett,9617559310,wchislett29@slate.com
83,Malanie,Extence,9773024389,mextence2a@jigsy.com
84,Florella,Briddock,6673513189,fbriddock2b@hc360.com
85,Norean,Sebire,2538850221,nsebire2c@ucoz.ru
86,Joline,Orrin,7364312004,jorrin2d@dailymotion.com
87,Fredia,Hambly,7114203708,fhambly2e@walmart.com
88,Sacha,Ayars,1609564148,sayars2f@nationalgeographic.com
89,Carine,Lippett,1066718725,clippett2g@imageshack.us
90,Reidar,Tolhurst,3955001265,rtolhurst2h@addthis.com
91,Merwin,Eslinger,3642581056,meslinger2i@shutterfly.com
92,Ardra,Paolillo,2068344114,apaolillo2j@addtoany.com
93,Cordie,Farherty,1652336501,cfarherty2k@omniture.com
94,Gisella,Padmore,9022331108,gpadmore2l@biglobe.ne.jp
95,Harriott,Guidetti,1711757176,hguidetti2m@cpanel.net
96,Iorgos,Huxter,6998296072,ihuxter2n@mtv.com
97,Peg,Greenroyd,1276239070,pgreenroyd2o@vkontakte.ru
98,Jaye,Start,6941791473,jstart2p@sphinn.com
99,Linet,Scudamore,5106611425,lscudamore2q@upenn.edu
100,Valma,Poveleye,3367947963,vpoveleye2r@reference.com
